epoch,time,train/box_loss,train/cls_loss,train/dfl_loss,metrics/precision(B),metrics/recall(B),metrics/mAP50(B),metrics/mAP50-95(B),val/box_loss,val/cls_loss,val/dfl_loss,lr/pg0,lr/pg1,lr/pg2
1,220.481,0,117.348,0,0,0,0,0,0,186.553,0,0.000251307,0.000251307,0.000251307
2,433.224,0,99.8716,0,0,0,0,0,0,132.247,0,0.000497589,0.000497589,0.000497589
3,645.852,0,88.7815,0,0,0,0,0,0,134.368,0,0.00073372,0.00073372,0.00073372
4,854.854,0,77.8137,0,0,0,0,0,0,120.785,0,0.000723321,0.000723321,0.000723321
