epoch,time,train/box_loss,train/cls_loss,train/dfl_loss,metrics/precision(B),metrics/recall(B),metrics/mAP50(B),metrics/mAP50-95(B),val/box_loss,val/cls_loss,val/dfl_loss,lr/pg0,lr/pg1,lr/pg2
1,279.658,2.16759,5.92266,1.94832,0.00377,0.29732,0.08484,0.04025,1.6265,6.04943,1.6496,0.000251307,0.000251307,0.000251307
2,556.666,1.57031,3.74276,1.50288,0.01463,0.92988,0.25313,0.11237,1.56094,4.9851,1.59803,0.000497589,0.000497589,0.000497589
3,834.336,1.47432,3.23666,1.4454,0.22476,0.60043,0.27565,0.14821,1.45933,4.24569,1.45552,0.00073372,0.00073372,0.00073372
